{"object":"list","data":[{"id":"cs_test_a1DyFW8tpQdiUYupmC8sjccM2EBcoavT5HgrSIFPyL7GQYenQQycc2Cp1f","object":"checkout.session","after_expiration":null,"allow_promotion_codes":null,"amount_subtotal":3199600,"amount_total":3199600,"automatic_tax":{"enabled":false,"status":null},"billing_address_collection":null,"cancel_url":"http:\/\/localhost\/sia_pentegrate\/index.php","client_reference_id":null,"consent":null,"consent_collection":null,"created":1685708387,"currency":"php","currency_conversion":null,"custom_fields":[],"custom_text":{"shipping_address":null,"submit":null},"customer":null,"customer_creation":"if_required","customer_details":{"address":{"city":null,"country":"PH","line1":null,"line2":null,"postal_code":null,"state":null},"email":"yabut.micoh@email.com","name":"M Ybt","phone":null,"tax_exempt":"none","tax_ids":[]},"customer_email":null,"expires_at":1685794786,"invoice":null,"invoice_creation":{"enabled":false,"invoice_data":{"account_tax_ids":null,"custom_fields":null,"description":null,"footer":null,"metadata":[],"rendering_options":null}},"livemode":false,"locale":null,"metadata":[],"mode":"payment","payment_intent":"pi_3NEWxcJDVdkZQkB80nBW83eu","payment_link":null,"payment_method_collection":"always","payment_method_options":[],"payment_method_types":["card"],"payment_status":"paid","phone_number_collection":{"enabled":false},"recovered_from":null,"setup_intent":null,"shipping_address_collection":null,"shipping_cost":null,"shipping_details":null,"shipping_options":[],"status":"complete","submit_type":null,"subscription":null,"success_url":"http:\/\/localhost\/sia_pentegrate\/order.php","total_details":{"amount_discount":0,"amount_shipping":0,"amount_tax":0},"url":null}],"has_more":true,"url":"\/v1\/checkout\/sessions"}