{
    "entries": [
        {
            "user": "@user.instagram",
            "img": "https://images.unsplash.com/photo-1586396874197-b8fc676a5187?ixid=MnwxMjA3fDB8MHxwaG90by1wYWdlfHx8fGVufDB8fHx8&ixlib=rb-1.2.1&auto=format&fit=crop&w=700&h=700"
        },
        {
            "user": "@another.user",
            "img": "https://images.unsplash.com/photo-1538329972958-465d6d2144ed?ixid=MnwxMjA3fDB8MHxwaG90by1wYWdlfHx8fGVufDB8fHx8&ixlib=rb-1.2.1&auto=format&fit=crop&w=700&h=700"
        },
        {
            "user": "@sally.field",
            "img": "https://images.unsplash.com/photo-1503341338985-c0477be52513?ixlib=rb-1.2.1&ixid=MnwxMjA3fDB8MHxwaG90by1wYWdlfHx8fGVufDB8fHx8&auto=format&fit=crop&w=700&h=700"
        },
        {
            "user": "@fitness99",
            "img": "https://images.unsplash.com/photo-1566677914817-56426959ae9c?ixid=MnwxMjA3fDB8MHxwaG90by1wYWdlfHx8fGVufDB8fHx8&ixlib=rb-1.2.1&auto=format&fit=crop&w=700&h=700"
        },
        {
            "user": "@frank.smith",
            "img": "https://images.unsplash.com/photo-1582657233895-0f37a3f150c0?ixlib=rb-1.2.1&ixid=MnwxMjA3fDB8MHxwaG90by1wYWdlfHx8fGVufDB8fHx8&auto=format&fit=crop&w=700&h=700"
        },
        {
            "user": "@joley88",
            "img": "https://images.unsplash.com/photo-1550246140-5119ae4790b8?ixlib=rb-1.2.1&ixid=MnwxMjA3fDB8MHxwaG90by1wYWdlfHx8fGVufDB8fHx8&auto=format&fit=crop&w=700&h=700"
        },
        {
            "user": "@yogi97",
            "img": "https://images.unsplash.com/photo-1520048480367-7a6a4b6efb2a?ixid=MnwxMjA3fDB8MHxwaG90by1wYWdlfHx8fGVufDB8fHx8&ixlib=rb-1.2.1&auto=format&fit=crop&w=700&h=700"
        },
        {
            "user": "@gym.user",
            "img": "https://images.unsplash.com/photo-1550246140-29f40b909e5a?ixlib=rb-1.2.1&ixid=MnwxMjA3fDB8MHxwaG90by1wYWdlfHx8fGVufDB8fHx8&auto=format&fit=crop&w=700&h=700"
        }
    ]
}